{"errors":[],"warnings":[],"namedChunkGroups":{"app":{"chunks":[8,2],"assets":["webpack-runtime-827774f28b4bbd3f437a.js","webpack-runtime-827774f28b4bbd3f437a.js.map","app-c9260442817d7d10175a.js","app-c9260442817d7d10175a.js.map"],"children":{},"childAssets":{}},"component---node-modules-gatsby-plugin-offline-app-shell-js":{"chunks":[3],"assets":["component---node-modules-gatsby-plugin-offline-app-shell-js-7d694983a60d3b1ec7b5.js","component---node-modules-gatsby-plugin-offline-app-shell-js-7d694983a60d3b1ec7b5.js.map"],"children":{},"childAssets":{}},"component---src-pages-404-js":{"chunks":[0,1,4],"assets":["0-af5e0c11c7be1ff54e90.js","0-af5e0c11c7be1ff54e90.js.map","1.355190e182c96d443d9c.css","1-6b108511136448e72209.js","1.355190e182c96d443d9c.css.map","1-6b108511136448e72209.js.map","component---src-pages-404-js-f7facc925a511e4df4ff.js","component---src-pages-404-js-f7facc925a511e4df4ff.js.map"],"children":{},"childAssets":{}},"component---src-pages-index-js":{"chunks":[0,1,5],"assets":["0-af5e0c11c7be1ff54e90.js","0-af5e0c11c7be1ff54e90.js.map","1.355190e182c96d443d9c.css","1-6b108511136448e72209.js","1.355190e182c96d443d9c.css.map","1-6b108511136448e72209.js.map","component---src-pages-index-js-cd21944f9742093a3c85.js","component---src-pages-index-js-cd21944f9742093a3c85.js.map"],"children":{},"childAssets":{}},"component---src-pages-page-2-js":{"chunks":[0,1,6],"assets":["0-af5e0c11c7be1ff54e90.js","0-af5e0c11c7be1ff54e90.js.map","1.355190e182c96d443d9c.css","1-6b108511136448e72209.js","1.355190e182c96d443d9c.css.map","1-6b108511136448e72209.js.map","component---src-pages-page-2-js-abdb1370b79dd512fea9.js","component---src-pages-page-2-js-abdb1370b79dd512fea9.js.map"],"children":{},"childAssets":{}}},"assetsByChunkName":{"app":["webpack-runtime-827774f28b4bbd3f437a.js","app-c9260442817d7d10175a.js"],"component---node-modules-gatsby-plugin-offline-app-shell-js":["component---node-modules-gatsby-plugin-offline-app-shell-js-7d694983a60d3b1ec7b5.js"],"component---src-pages-404-js":["0-af5e0c11c7be1ff54e90.js","1.355190e182c96d443d9c.css","1-6b108511136448e72209.js","component---src-pages-404-js-f7facc925a511e4df4ff.js"],"component---src-pages-index-js":["0-af5e0c11c7be1ff54e90.js","1.355190e182c96d443d9c.css","1-6b108511136448e72209.js","component---src-pages-index-js-cd21944f9742093a3c85.js"],"component---src-pages-page-2-js":["0-af5e0c11c7be1ff54e90.js","1.355190e182c96d443d9c.css","1-6b108511136448e72209.js","component---src-pages-page-2-js-abdb1370b79dd512fea9.js"]}}